precip,temp
3.50,0.611111
2.81,2.05556
4.15,5.77778
4.14,11.4444
4.05,16.8333
4.16,22.1111
4.85,25.0556
4.18,24.3889
3.71,20.5
3.81,14.2222
3.56,8.83333
3.68,3.27778
