precip,temp
5.57,5.55556
3.50,6.33333
3.72,8.05556
2.71,10.1667
1.94,13.3333
1.57,16.0556
0.70,18.7222
0.88,18.9444
1.50,16.2778
3.48,11.5556
6.57,7.44444
5.35,4.77778
