precip,temp
3.09,1.94444
2.90,3.55556
3.72,7.88889
3.51,13.5556
4.28,18.8333
4.08,23.9444
4.32,26.4444
3.41,25.5556
3.76,21.2778
3.79,14.7222
3.47,9.33333
3.20,4
